Country Name,Indicator Code,2005
Arab World,UIS.TE_100000.56,
Arab World,UIS.TE_100000.56.F,
Arab World,UIS.TE_100000.56.M,
East Asia & Pacific,UIS.TE_100000.56,
East Asia & Pacific,UIS.TE_100000.56.F,
East Asia & Pacific,UIS.TE_100000.56.M,
East Asia & Pacific (excluding high income),UIS.TE_100000.56,
East Asia & Pacific (excluding high income),UIS.TE_100000.56.F,
East Asia & Pacific (excluding high income),UIS.TE_100000.56.M,
Euro area,UIS.TE_100000.56,
Euro area,UIS.TE_100000.56.F,
Euro area,UIS.TE_100000.56.M,
Europe & Central Asia,UIS.TE_100000.56,
Europe & Central Asia,UIS.TE_100000.56.F,
Europe & Central Asia,UIS.TE_100000.56.M,
Europe & Central Asia (excluding high income),UIS.TE_100000.56,
Europe & Central Asia (excluding high income),UIS.TE_100000.56.F,
Europe & Central Asia (excluding high income),UIS.TE_100000.56.M,
European Union,UIS.TE_100000.56,
European Union,UIS.TE_100000.56.F,
European Union,UIS.TE_100000.56.M,
Heavily indebted poor countries (HIPC),UIS.TE_100000.56,
Heavily indebted poor countries (HIPC),UIS.TE_100000.56.F,
Heavily indebted poor countries (HIPC),UIS.TE_100000.56.M,
High income,UIS.TE_100000.56,
High income,UIS.TE_100000.56.F,
High income,UIS.TE_100000.56.M,
Latin America & Caribbean,UIS.TE_100000.56,
Latin America & Caribbean,UIS.TE_100000.56.F,
Latin America & Caribbean,UIS.TE_100000.56.M,
Latin America & Caribbean (excluding high income),UIS.TE_100000.56,
Latin America & Caribbean (excluding high income),UIS.TE_100000.56.F,
Latin America & Caribbean (excluding high income),UIS.TE_100000.56.M,
Least developed countries: UN classification,UIS.TE_100000.56,
Least developed countries: UN classification,UIS.TE_100000.56.F,
Least developed countries: UN classification,UIS.TE_100000.56.M,
Low & middle income,UIS.TE_100000.56,
Low & middle income,UIS.TE_100000.56.F,
Low & middle income,UIS.TE_100000.56.M,
Low income,UIS.TE_100000.56,
Low income,UIS.TE_100000.56.F,
Low income,UIS.TE_100000.56.M,
Lower middle income,UIS.TE_100000.56,
Lower middle income,UIS.TE_100000.56.F,
Lower middle income,UIS.TE_100000.56.M,
Middle East & North Africa,UIS.TE_100000.56,
Middle East & North Africa,UIS.TE_100000.56.F,
Middle East & North Africa,UIS.TE_100000.56.M,
Middle East & North Africa (excluding high income),UIS.TE_100000.56,
Middle East & North Africa (excluding high income),UIS.TE_100000.56.F,
Middle East & North Africa (excluding high income),UIS.TE_100000.56.M,
Middle income,UIS.TE_100000.56,
Middle income,UIS.TE_100000.56.F,
Middle income,UIS.TE_100000.56.M,
North America,UIS.TE_100000.56,
North America,UIS.TE_100000.56.F,
North America,UIS.TE_100000.56.M,
OECD members,UIS.TE_100000.56,
OECD members,UIS.TE_100000.56.F,
OECD members,UIS.TE_100000.56.M,
South Asia,UIS.TE_100000.56,
South Asia,UIS.TE_100000.56.F,
South Asia,UIS.TE_100000.56.M,
Sub-Saharan Africa,UIS.TE_100000.56,
Sub-Saharan Africa,UIS.TE_100000.56.F,
Sub-Saharan Africa,UIS.TE_100000.56.M,
Sub-Saharan Africa (excluding high income),UIS.TE_100000.56,
Sub-Saharan Africa (excluding high income),UIS.TE_100000.56.F,
Sub-Saharan Africa (excluding high income),UIS.TE_100000.56.M,
Upper middle income,UIS.TE_100000.56,
Upper middle income,UIS.TE_100000.56.F,
Upper middle income,UIS.TE_100000.56.M,
World,UIS.TE_100000.56,
World,UIS.TE_100000.56.F,
World,UIS.TE_100000.56.M,
Afghanistan,UIS.TE_100000.56,
Afghanistan,UIS.TE_100000.56.F,
Afghanistan,UIS.TE_100000.56.M,
Albania,UIS.TE_100000.56,2052.351318
Albania,UIS.TE_100000.56.F,2486.74707
Albania,UIS.TE_100000.56.M,1622.352051
Algeria,UIS.TE_100000.56,2381.037842
Algeria,UIS.TE_100000.56.F,2657.64502
Algeria,UIS.TE_100000.56.M,2110.18335
American Samoa,UIS.TE_100000.56,
American Samoa,UIS.TE_100000.56.F,
American Samoa,UIS.TE_100000.56.M,
Andorra,UIS.TE_100000.56,
Andorra,UIS.TE_100000.56.F,
Andorra,UIS.TE_100000.56.M,
Angola,UIS.TE_100000.56,268.9898682
Angola,UIS.TE_100000.56.F,
Angola,UIS.TE_100000.56.M,
Antigua and Barbuda,UIS.TE_100000.56,
Antigua and Barbuda,UIS.TE_100000.56.F,
Antigua and Barbuda,UIS.TE_100000.56.M,
Argentina,UIS.TE_100000.56,5320.094238
Argentina,UIS.TE_100000.56.F,6109.969727
Argentina,UIS.TE_100000.56.M,4495.25293
Armenia,UIS.TE_100000.56,3830.12207
Armenia,UIS.TE_100000.56.F,4464.374512
Armenia,UIS.TE_100000.56.M,3171.071289
Aruba,UIS.TE_100000.56,2105.347412
Aruba,UIS.TE_100000.56.F,2400.061035
Aruba,UIS.TE_100000.56.M,1780.384277
Australia,UIS.TE_100000.56,5053.638672
Australia,UIS.TE_100000.56.F,5494.130859
Australia,UIS.TE_100000.56.M,4611.380859
Austria,UIS.TE_100000.56,2967.99292
Austria,UIS.TE_100000.56.F,3098.477783
Austria,UIS.TE_100000.56.M,2830.00293
Azerbaijan,UIS.TE_100000.56,
Azerbaijan,UIS.TE_100000.56.F,
Azerbaijan,UIS.TE_100000.56.M,
"Bahamas, The",UIS.TE_100000.56,
"Bahamas, The",UIS.TE_100000.56.F,
"Bahamas, The",UIS.TE_100000.56.M,
Bahrain,UIS.TE_100000.56,2173.090576
Bahrain,UIS.TE_100000.56.F,3692.51123
Bahrain,UIS.TE_100000.56.M,1163.413574
Bangladesh,UIS.TE_100000.56,637.7947998
Bangladesh,UIS.TE_100000.56.F,434.7730103
Bangladesh,UIS.TE_100000.56.M,833.4068604
Barbados,UIS.TE_100000.56,
Barbados,UIS.TE_100000.56.F,
Barbados,UIS.TE_100000.56.M,
Belarus,UIS.TE_100000.56,5482.097656
Belarus,UIS.TE_100000.56.F,5837.458008
Belarus,UIS.TE_100000.56.M,5076.430664
Belgium,UIS.TE_100000.56,3688.390381
Belgium,UIS.TE_100000.56.F,3931.615723
Belgium,UIS.TE_100000.56.M,3434.739258
Belize,UIS.TE_100000.56,1613.603516
Belize,UIS.TE_100000.56.F,1973.054077
Belize,UIS.TE_100000.56.M,1257.640747
Benin,UIS.TE_100000.56,515.7068481
Benin,UIS.TE_100000.56.F,
Benin,UIS.TE_100000.56.M,
Bermuda,UIS.TE_100000.56,
Bermuda,UIS.TE_100000.56.F,
Bermuda,UIS.TE_100000.56.M,
Bhutan,UIS.TE_100000.56,545.6390991
Bhutan,UIS.TE_100000.56.F,406.5254517
Bhutan,UIS.TE_100000.56.M,667.671814
Bolivia,UIS.TE_100000.56,
Bolivia,UIS.TE_100000.56.F,
Bolivia,UIS.TE_100000.56.M,
Bosnia and Herzegovina,UIS.TE_100000.56,2202.287842
Bosnia and Herzegovina,UIS.TE_100000.56.F,2447.10083
Bosnia and Herzegovina,UIS.TE_100000.56.M,1955.676147
Botswana,UIS.TE_100000.56,1054.45105
Botswana,UIS.TE_100000.56.F,984.3944702
Botswana,UIS.TE_100000.56.M,1124.774414
Brazil,UIS.TE_100000.56,2462.8396
Brazil,UIS.TE_100000.56.F,2684.134033
Brazil,UIS.TE_100000.56.M,2230.136963
British Virgin Islands,UIS.TE_100000.56,
British Virgin Islands,UIS.TE_100000.56.F,
British Virgin Islands,UIS.TE_100000.56.M,
Brunei Darussalam,UIS.TE_100000.56,1387.994629
Brunei Darussalam,UIS.TE_100000.56.F,1895.011475
Brunei Darussalam,UIS.TE_100000.56.M,906.328125
Bulgaria,UIS.TE_100000.56,3096.719482
Bulgaria,UIS.TE_100000.56.F,3143.9729
Bulgaria,UIS.TE_100000.56.M,3046.918213
Burkina Faso,UIS.TE_100000.56,208.1817017
Burkina Faso,UIS.TE_100000.56.F,126.2807083
Burkina Faso,UIS.TE_100000.56.M,292.2833252
Burundi,UIS.TE_100000.56,213.1906433
Burundi,UIS.TE_100000.56.F,116.5865479
Burundi,UIS.TE_100000.56.M,312.1151123
Cabo Verde,UIS.TE_100000.56,824.5048828
Cabo Verde,UIS.TE_100000.56.F,823.0350952
Cabo Verde,UIS.TE_100000.56.M,826.0401001
Cambodia,UIS.TE_100000.56,426.4996338
Cambodia,UIS.TE_100000.56.F,260.7464294
Cambodia,UIS.TE_100000.56.M,602.2671509
Cameroon,UIS.TE_100000.56,550.9130249
Cameroon,UIS.TE_100000.56.F,434.3654785
Cameroon,UIS.TE_100000.56.M,667.9309692
Canada,UIS.TE_100000.56,
Canada,UIS.TE_100000.56.F,
Canada,UIS.TE_100000.56.M,
Cayman Islands,UIS.TE_100000.56,
Cayman Islands,UIS.TE_100000.56.F,
Cayman Islands,UIS.TE_100000.56.M,
Central African Republic,UIS.TE_100000.56,
Central African Republic,UIS.TE_100000.56.F,
Central African Republic,UIS.TE_100000.56.M,
Chad,UIS.TE_100000.56,122.8951492
Chad,UIS.TE_100000.56.F,14.75469017
Chad,UIS.TE_100000.56.M,231.4013367
Channel Islands,UIS.TE_100000.56,
Channel Islands,UIS.TE_100000.56.F,
Channel Islands,UIS.TE_100000.56.M,
Chile,UIS.TE_100000.56,4123.201172
Chile,UIS.TE_100000.56.F,3917.213135
Chile,UIS.TE_100000.56.M,4334.83252
Colombia,UIS.TE_100000.56,2826.790039
Colombia,UIS.TE_100000.56.F,2866.343018
Colombia,UIS.TE_100000.56.M,2786.249512
Comoros,UIS.TE_100000.56,
Comoros,UIS.TE_100000.56.F,
Comoros,UIS.TE_100000.56.M,
"Congo, Dem. Rep.",UIS.TE_100000.56,
"Congo, Dem. Rep.",UIS.TE_100000.56.F,
"Congo, Dem. Rep.",UIS.TE_100000.56.M,
"Congo, Rep.",UIS.TE_100000.56,
"Congo, Rep.",UIS.TE_100000.56.F,
"Congo, Rep.",UIS.TE_100000.56.M,
Costa Rica,UIS.TE_100000.56,
Costa Rica,UIS.TE_100000.56.F,
Costa Rica,UIS.TE_100000.56.M,
Cote d'Ivoire,UIS.TE_100000.56,
Cote d'Ivoire,UIS.TE_100000.56.F,
Cote d'Ivoire,UIS.TE_100000.56.M,
Croatia,UIS.TE_100000.56,3075.748779
Croatia,UIS.TE_100000.56.F,3194.625
Croatia,UIS.TE_100000.56.M,2947.780273
Cuba,UIS.TE_100000.56,4190.176758
Cuba,UIS.TE_100000.56.F,5234.520996
Cuba,UIS.TE_100000.56.M,3157.405273
Curacao,UIS.TE_100000.56,
Curacao,UIS.TE_100000.56.F,
Curacao,UIS.TE_100000.56.M,
Cyprus,UIS.TE_100000.56,2619.73291
Cyprus,UIS.TE_100000.56.F,2687.227051
Cyprus,UIS.TE_100000.56.M,2550.31958
Czech Republic,UIS.TE_100000.56,3287.176758
Czech Republic,UIS.TE_100000.56.F,3371.362305
Czech Republic,UIS.TE_100000.56.M,3198.474854
Denmark,UIS.TE_100000.56,4286.973145
Denmark,UIS.TE_100000.56.F,4875.764648
Denmark,UIS.TE_100000.56.M,3686.484619
Djibouti,UIS.TE_100000.56,217.8811646
Djibouti,UIS.TE_100000.56.F,182.844162
Djibouti,UIS.TE_100000.56.M,252.5620575
Dominica,UIS.TE_100000.56,
Dominica,UIS.TE_100000.56.F,
Dominica,UIS.TE_100000.56.M,
Dominican Republic,UIS.TE_100000.56,
Dominican Republic,UIS.TE_100000.56.F,
Dominican Republic,UIS.TE_100000.56.M,
Ecuador,UIS.TE_100000.56,
Ecuador,UIS.TE_100000.56.F,
Ecuador,UIS.TE_100000.56.M,
"Egypt, Arab Rep.",UIS.TE_100000.56,3138.396973
"Egypt, Arab Rep.",UIS.TE_100000.56.F,2816.420898
"Egypt, Arab Rep.",UIS.TE_100000.56.M,3455.411133
El Salvador,UIS.TE_100000.56,2058.630615
El Salvador,UIS.TE_100000.56.F,2153.494385
El Salvador,UIS.TE_100000.56.M,1954.608887
Equatorial Guinea,UIS.TE_100000.56,
Equatorial Guinea,UIS.TE_100000.56.F,
Equatorial Guinea,UIS.TE_100000.56.M,
Eritrea,UIS.TE_100000.56,
Eritrea,UIS.TE_100000.56.F,
Eritrea,UIS.TE_100000.56.M,
Estonia,UIS.TE_100000.56,4998.295898
Estonia,UIS.TE_100000.56.F,5743.20459
Estonia,UIS.TE_100000.56.M,4140.244141
Ethiopia,UIS.TE_100000.56,249.5965576
Ethiopia,UIS.TE_100000.56.F,121.3199768
Ethiopia,UIS.TE_100000.56.M,378.4615173
Faroe Islands,UIS.TE_100000.56,
Faroe Islands,UIS.TE_100000.56.F,
Faroe Islands,UIS.TE_100000.56.M,
Fiji,UIS.TE_100000.56,1547.419189
Fiji,UIS.TE_100000.56.F,1675.141235
Fiji,UIS.TE_100000.56.M,1424.657837
Finland,UIS.TE_100000.56,5832.530273
Finland,UIS.TE_100000.56.F,6116.957031
Finland,UIS.TE_100000.56.M,5535.740723
France,UIS.TE_100000.56,3571.72168
France,UIS.TE_100000.56.F,3852.049561
France,UIS.TE_100000.56.M,3277.583008
French Polynesia,UIS.TE_100000.56,
French Polynesia,UIS.TE_100000.56.F,
French Polynesia,UIS.TE_100000.56.M,
Gabon,UIS.TE_100000.56,
Gabon,UIS.TE_100000.56.F,
Gabon,UIS.TE_100000.56.M,
"Gambia, The",UIS.TE_100000.56,
"Gambia, The",UIS.TE_100000.56.F,
"Gambia, The",UIS.TE_100000.56.M,
Georgia,UIS.TE_100000.56,3893.729004
Georgia,UIS.TE_100000.56.F,3715.126709
Georgia,UIS.TE_100000.56.M,4093.760498
Germany,UIS.TE_100000.56,
Germany,UIS.TE_100000.56.F,
Germany,UIS.TE_100000.56.M,
Ghana,UIS.TE_100000.56,558.9608154
Ghana,UIS.TE_100000.56.F,390.3621826
Ghana,UIS.TE_100000.56.M,727.8400879
Gibraltar,UIS.TE_100000.56,
Gibraltar,UIS.TE_100000.56.F,
Gibraltar,UIS.TE_100000.56.M,
Greece,UIS.TE_100000.56,5841.072754
Greece,UIS.TE_100000.56.F,5879.30957
Greece,UIS.TE_100000.56.M,5801.635254
Greenland,UIS.TE_100000.56,
Greenland,UIS.TE_100000.56.F,
Greenland,UIS.TE_100000.56.M,
Grenada,UIS.TE_100000.56,
Grenada,UIS.TE_100000.56.F,
Grenada,UIS.TE_100000.56.M,
Guam,UIS.TE_100000.56,
Guam,UIS.TE_100000.56.F,
Guam,UIS.TE_100000.56.M,
Guatemala,UIS.TE_100000.56,
Guatemala,UIS.TE_100000.56.F,
Guatemala,UIS.TE_100000.56.M,
Guinea,UIS.TE_100000.56,246.0227966
Guinea,UIS.TE_100000.56.F,91.71311188
Guinea,UIS.TE_100000.56.M,400.4104004
Guinea-Bissau,UIS.TE_100000.56,213.4286346
Guinea-Bissau,UIS.TE_100000.56.F,
Guinea-Bissau,UIS.TE_100000.56.M,
Guyana,UIS.TE_100000.56,980.2086182
Guyana,UIS.TE_100000.56.F,1310.211182
Guyana,UIS.TE_100000.56.M,642.9528198
Haiti,UIS.TE_100000.56,
Haiti,UIS.TE_100000.56.F,
Haiti,UIS.TE_100000.56.M,
Honduras,UIS.TE_100000.56,
Honduras,UIS.TE_100000.56.F,
Honduras,UIS.TE_100000.56.M,
"Hong Kong SAR, China",UIS.TE_100000.56,2225.718262
"Hong Kong SAR, China",UIS.TE_100000.56.F,2176.157471
"Hong Kong SAR, China",UIS.TE_100000.56.M,2279.858643
Hungary,UIS.TE_100000.56,4318.67627
Hungary,UIS.TE_100000.56.F,4801.624023
Hungary,UIS.TE_100000.56.M,3784.217773
Iceland,UIS.TE_100000.56,5111.796387
Iceland,UIS.TE_100000.56.F,6673.308594
Iceland,UIS.TE_100000.56.M,3567.646484
India,UIS.TE_100000.56,1029.19043
India,UIS.TE_100000.56.F,842.0508423
India,UIS.TE_100000.56.M,1203.115356
Indonesia,UIS.TE_100000.56,1618.633301
Indonesia,UIS.TE_100000.56.F,
Indonesia,UIS.TE_100000.56.M,
"Iran, Islamic Rep.",UIS.TE_100000.56,3032.244629
"Iran, Islamic Rep.",UIS.TE_100000.56.F,3157.022217
"Iran, Islamic Rep.",UIS.TE_100000.56.M,2912.594727
Iraq,UIS.TE_100000.56,1572.70166
Iraq,UIS.TE_100000.56.F,1150.722656
Iraq,UIS.TE_100000.56.M,1985.34668
Ireland,UIS.TE_100000.56,4438.019043
Ireland,UIS.TE_100000.56.F,4871.21582
Ireland,UIS.TE_100000.56.M,4003.844727
Isle of Man,UIS.TE_100000.56,
Isle of Man,UIS.TE_100000.56.F,
Isle of Man,UIS.TE_100000.56.M,
Israel,UIS.TE_100000.56,4708.543457
Israel,UIS.TE_100000.56.F,5203.725586
Israel,UIS.TE_100000.56.M,4200.081543
Italy,UIS.TE_100000.56,3435.200928
Italy,UIS.TE_100000.56.F,3782.968018
Italy,UIS.TE_100000.56.M,3067.897217
Jamaica,UIS.TE_100000.56,1776.885376
Jamaica,UIS.TE_100000.56.F,
Jamaica,UIS.TE_100000.56.M,
Japan,UIS.TE_100000.56,3180.297363
Japan,UIS.TE_100000.56.F,2849.950928
Japan,UIS.TE_100000.56.M,3527.000732
Jordan,UIS.TE_100000.56,4084.450195
Jordan,UIS.TE_100000.56.F,4261.622559
Jordan,UIS.TE_100000.56.M,3919.640381
Kazakhstan,UIS.TE_100000.56,
Kazakhstan,UIS.TE_100000.56.F,
Kazakhstan,UIS.TE_100000.56.M,
Kenya,UIS.TE_100000.56,321.1742249
Kenya,UIS.TE_100000.56.F,239.2524414
Kenya,UIS.TE_100000.56.M,403.1862183
Kiribati,UIS.TE_100000.56,
Kiribati,UIS.TE_100000.56.F,
Kiribati,UIS.TE_100000.56.M,
"Korea, Dem. People¡¯s Rep.",UIS.TE_100000.56,
"Korea, Dem. People¡¯s Rep.",UIS.TE_100000.56.F,
"Korea, Dem. People¡¯s Rep.",UIS.TE_100000.56.M,
"Korea, Rep.",UIS.TE_100000.56,6743.253418
"Korea, Rep.",UIS.TE_100000.56.F,4997.361328
"Korea, Rep.",UIS.TE_100000.56.M,8491.083008
Kosovo,UIS.TE_100000.56,
Kosovo,UIS.TE_100000.56.F,
Kosovo,UIS.TE_100000.56.M,
Kuwait,UIS.TE_100000.56,
Kuwait,UIS.TE_100000.56.F,
Kuwait,UIS.TE_100000.56.M,
Kyrgyz Republic,UIS.TE_100000.56,4309.672363
Kyrgyz Republic,UIS.TE_100000.56.F,4712.292969
Kyrgyz Republic,UIS.TE_100000.56.M,3898.271484
Lao PDR,UIS.TE_100000.56,825.4813232
Lao PDR,UIS.TE_100000.56.F,672.1673584
Lao PDR,UIS.TE_100000.56.M,982.2473145
Latvia,UIS.TE_100000.56,5867.678711
Latvia,UIS.TE_100000.56.F,6843.740723
Latvia,UIS.TE_100000.56.M,4714.187012
Lebanon,UIS.TE_100000.56,4156.900391
Lebanon,UIS.TE_100000.56.F,4460.79834
Lebanon,UIS.TE_100000.56.M,3862.753906
Lesotho,UIS.TE_100000.56,411.1444092
Lesotho,UIS.TE_100000.56.F,456.3877563
Lesotho,UIS.TE_100000.56.M,363.6139221
Liberia,UIS.TE_100000.56,
Liberia,UIS.TE_100000.56.F,
Liberia,UIS.TE_100000.56.M,
Libya,UIS.TE_100000.56,
Libya,UIS.TE_100000.56.F,
Libya,UIS.TE_100000.56.M,
Liechtenstein,UIS.TE_100000.56,1509.812378
Liechtenstein,UIS.TE_100000.56.F,858.7085571
Liechtenstein,UIS.TE_100000.56.M,2179.725586
Lithuania,UIS.TE_100000.56,5844.730469
Lithuania,UIS.TE_100000.56.F,6572.91748
Lithuania,UIS.TE_100000.56.M,5008.047852
Luxembourg,UIS.TE_100000.56,
Luxembourg,UIS.TE_100000.56.F,
Luxembourg,UIS.TE_100000.56.M,
"Macao SAR, China",UIS.TE_100000.56,5002.680664
"Macao SAR, China",UIS.TE_100000.56.F,4109.330566
"Macao SAR, China",UIS.TE_100000.56.M,5973.575684
"Macedonia, FYR",UIS.TE_100000.56,2416.375977
"Macedonia, FYR",UIS.TE_100000.56.F,2733.164307
"Macedonia, FYR",UIS.TE_100000.56.M,2098.013916
Madagascar,UIS.TE_100000.56,245.7464752
Madagascar,UIS.TE_100000.56.F,230.2540894
Madagascar,UIS.TE_100000.56.M,261.3686218
Malawi,UIS.TE_100000.56,45.57632828
Malawi,UIS.TE_100000.56.F,32.04761124
Malawi,UIS.TE_100000.56.M,59.2422905
Malaysia,UIS.TE_100000.56,2701.025879
Malaysia,UIS.TE_100000.56.F,
Malaysia,UIS.TE_100000.56.M,
Maldives,UIS.TE_100000.56,
Maldives,UIS.TE_100000.56.F,
Maldives,UIS.TE_100000.56.M,
Mali,UIS.TE_100000.56,
Mali,UIS.TE_100000.56.F,
Mali,UIS.TE_100000.56.M,
Malta,UIS.TE_100000.56,2377.522705
Malta,UIS.TE_100000.56.F,2649.445313
Malta,UIS.TE_100000.56.M,2099.4729
Marshall Islands,UIS.TE_100000.56,
Marshall Islands,UIS.TE_100000.56.F,
Marshall Islands,UIS.TE_100000.56.M,
Mauritania,UIS.TE_100000.56,277.6714783
Mauritania,UIS.TE_100000.56.F,136.9246216
Mauritania,UIS.TE_100000.56.M,417.2033081
Mauritius,UIS.TE_100000.56,1678.71521
Mauritius,UIS.TE_100000.56.F,1674.270142
Mauritius,UIS.TE_100000.56.M,1683.239258
Mexico,UIS.TE_100000.56,2173.032715
Mexico,UIS.TE_100000.56.F,2170.563721
Mexico,UIS.TE_100000.56.M,2175.532715
"Micronesia, Fed. Sts.",UIS.TE_100000.56,
"Micronesia, Fed. Sts.",UIS.TE_100000.56.F,
"Micronesia, Fed. Sts.",UIS.TE_100000.56.M,
Moldova,UIS.TE_100000.56,3630.983887
Moldova,UIS.TE_100000.56.F,4088.276855
Moldova,UIS.TE_100000.56.M,3133.477051
Monaco,UIS.TE_100000.56,
Monaco,UIS.TE_100000.56.F,
Monaco,UIS.TE_100000.56.M,
Mongolia,UIS.TE_100000.56,4901.112305
Mongolia,UIS.TE_100000.56.F,5990.383789
Mongolia,UIS.TE_100000.56.M,3800.930664
Montenegro,UIS.TE_100000.56,1786.371948
Montenegro,UIS.TE_100000.56.F,2114.798828
Montenegro,UIS.TE_100000.56.M,1446.428345
Morocco,UIS.TE_100000.56,1209.643555
Morocco,UIS.TE_100000.56.F,1071.294434
Morocco,UIS.TE_100000.56.M,1351.810425
Mozambique,UIS.TE_100000.56,133.944397
Mozambique,UIS.TE_100000.56.F,85.90981293
Mozambique,UIS.TE_100000.56.M,185.2753906
Myanmar,UIS.TE_100000.56,
Myanmar,UIS.TE_100000.56.F,
Myanmar,UIS.TE_100000.56.M,
Namibia,UIS.TE_100000.56,669.2563477
Namibia,UIS.TE_100000.56.F,611.2355347
Namibia,UIS.TE_100000.56.M,730.0789795
Nauru,UIS.TE_100000.56,
Nauru,UIS.TE_100000.56.F,
Nauru,UIS.TE_100000.56.M,
Nepal,UIS.TE_100000.56,733.7833862
Nepal,UIS.TE_100000.56.F,538.5354004
Nepal,UIS.TE_100000.56.M,932.5092163
Netherlands,UIS.TE_100000.56,3459.437012
Netherlands,UIS.TE_100000.56.F,3491.614502
Netherlands,UIS.TE_100000.56.M,3426.58374
New Caledonia,UIS.TE_100000.56,
New Caledonia,UIS.TE_100000.56.F,
New Caledonia,UIS.TE_100000.56.M,
New Zealand,UIS.TE_100000.56,5804.122559
New Zealand,UIS.TE_100000.56.F,6680.162109
New Zealand,UIS.TE_100000.56.M,4891.312988
Nicaragua,UIS.TE_100000.56,
Nicaragua,UIS.TE_100000.56.F,
Nicaragua,UIS.TE_100000.56.M,
Niger,UIS.TE_100000.56,80.07897949
Niger,UIS.TE_100000.56.F,47.51927185
Niger,UIS.TE_100000.56.M,112.393898
Nigeria,UIS.TE_100000.56,996.7151489
Nigeria,UIS.TE_100000.56.F,823.6564331
Nigeria,UIS.TE_100000.56.M,1164.759766
Northern Mariana Islands,UIS.TE_100000.56,
Northern Mariana Islands,UIS.TE_100000.56.F,
Northern Mariana Islands,UIS.TE_100000.56.M,
Norway,UIS.TE_100000.56,4626.341797
Norway,UIS.TE_100000.56.F,5466.432617
Norway,UIS.TE_100000.56.M,3772.02124
Oman,UIS.TE_100000.56,1933.989136
Oman,UIS.TE_100000.56.F,2227.86792
Oman,UIS.TE_100000.56.M,1701.959351
Pakistan,UIS.TE_100000.56,510.3282776
Pakistan,UIS.TE_100000.56.F,475.2634583
Pakistan,UIS.TE_100000.56.M,543.3070679
Palau,UIS.TE_100000.56,
Palau,UIS.TE_100000.56.F,
Palau,UIS.TE_100000.56.M,
Panama,UIS.TE_100000.56,3803.270752
Panama,UIS.TE_100000.56.F,4681.619629
Panama,UIS.TE_100000.56.M,2936.121094
Papua New Guinea,UIS.TE_100000.56,
Papua New Guinea,UIS.TE_100000.56.F,
Papua New Guinea,UIS.TE_100000.56.M,
Paraguay,UIS.TE_100000.56,2687.036377
Paraguay,UIS.TE_100000.56.F,2849.360596
Paraguay,UIS.TE_100000.56.M,2528.804932
Peru,UIS.TE_100000.56,3289.756104
Peru,UIS.TE_100000.56.F,3286.784912
Peru,UIS.TE_100000.56.M,3292.730957
Philippines,UIS.TE_100000.56,2789.192871
Philippines,UIS.TE_100000.56.F,3038.986816
Philippines,UIS.TE_100000.56.M,2541.965088
Poland,UIS.TE_100000.56,5506.727539
Poland,UIS.TE_100000.56.F,6145.60791
Poland,UIS.TE_100000.56.M,4827.51709
Portugal,UIS.TE_100000.56,3634.865479
Portugal,UIS.TE_100000.56.F,3919.077881
Portugal,UIS.TE_100000.56.M,3331.507324
Puerto Rico,UIS.TE_100000.56,
Puerto Rico,UIS.TE_100000.56.F,
Puerto Rico,UIS.TE_100000.56.M,
Qatar,UIS.TE_100000.56,1158.886597
Qatar,UIS.TE_100000.56.F,2372.636963
Qatar,UIS.TE_100000.56.M,552.2941284
Romania,UIS.TE_100000.56,3451.135742
Romania,UIS.TE_100000.56.F,3680.398926
Romania,UIS.TE_100000.56.M,3210.231201
Russian Federation,UIS.TE_100000.56,6268.658203
Russian Federation,UIS.TE_100000.56.F,6689.858398
Russian Federation,UIS.TE_100000.56.M,5784.755371
Rwanda,UIS.TE_100000.56,308.4623718
Rwanda,UIS.TE_100000.56.F,
Rwanda,UIS.TE_100000.56.M,
Samoa,UIS.TE_100000.56,
Samoa,UIS.TE_100000.56.F,
Samoa,UIS.TE_100000.56.M,
San Marino,UIS.TE_100000.56,
San Marino,UIS.TE_100000.56.F,
San Marino,UIS.TE_100000.56.M,
Sao Tome and Principe,UIS.TE_100000.56,
Sao Tome and Principe,UIS.TE_100000.56.F,
Sao Tome and Principe,UIS.TE_100000.56.M,
Saudi Arabia,UIS.TE_100000.56,2439.948975
Saudi Arabia,UIS.TE_100000.56.F,3203.106201
Saudi Arabia,UIS.TE_100000.56.M,1835.689209
Senegal,UIS.TE_100000.56,524.6875
Senegal,UIS.TE_100000.56.F,
Senegal,UIS.TE_100000.56.M,
Serbia,UIS.TE_100000.56,3028.394043
Serbia,UIS.TE_100000.56.F,3273.820801
Serbia,UIS.TE_100000.56.M,2769.074951
Seychelles,UIS.TE_100000.56,
Seychelles,UIS.TE_100000.56.F,
Seychelles,UIS.TE_100000.56.M,
Sierra Leone,UIS.TE_100000.56,
Sierra Leone,UIS.TE_100000.56.F,
Sierra Leone,UIS.TE_100000.56.M,
Singapore,UIS.TE_100000.56,
Singapore,UIS.TE_100000.56.F,
Singapore,UIS.TE_100000.56.M,
Sint Maarten (Dutch part),UIS.TE_100000.56,
Sint Maarten (Dutch part),UIS.TE_100000.56.F,
Sint Maarten (Dutch part),UIS.TE_100000.56.M,
Slovak Republic,UIS.TE_100000.56,3368.849121
Slovak Republic,UIS.TE_100000.56.F,3617.383789
Slovak Republic,UIS.TE_100000.56.M,3104.884766
Slovenia,UIS.TE_100000.56,5621.175293
Slovenia,UIS.TE_100000.56.F,6348.875488
Slovenia,UIS.TE_100000.56.M,4858.03418
Solomon Islands,UIS.TE_100000.56,
Solomon Islands,UIS.TE_100000.56.F,
Solomon Islands,UIS.TE_100000.56.M,
Somalia,UIS.TE_100000.56,
Somalia,UIS.TE_100000.56.F,
Somalia,UIS.TE_100000.56.M,
South Africa,UIS.TE_100000.56,
South Africa,UIS.TE_100000.56.F,
South Africa,UIS.TE_100000.56.M,
South Sudan,UIS.TE_100000.56,
South Sudan,UIS.TE_100000.56.F,
South Sudan,UIS.TE_100000.56.M,
Spain,UIS.TE_100000.56,4125.784668
Spain,UIS.TE_100000.56.F,4374.746582
Spain,UIS.TE_100000.56.M,3870.061523
Sri Lanka,UIS.TE_100000.56,
Sri Lanka,UIS.TE_100000.56.F,
Sri Lanka,UIS.TE_100000.56.M,
St. Kitts and Nevis,UIS.TE_100000.56,
St. Kitts and Nevis,UIS.TE_100000.56.F,
St. Kitts and Nevis,UIS.TE_100000.56.M,
St. Lucia,UIS.TE_100000.56,1328.23877
St. Lucia,UIS.TE_100000.56.F,1919.410767
St. Lucia,UIS.TE_100000.56.M,711.5151978
St. Martin (French part),UIS.TE_100000.56,
St. Martin (French part),UIS.TE_100000.56.F,
St. Martin (French part),UIS.TE_100000.56.M,
St. Vincent and the Grenadines,UIS.TE_100000.56,
St. Vincent and the Grenadines,UIS.TE_100000.56.F,
St. Vincent and the Grenadines,UIS.TE_100000.56.M,
Sudan,UIS.TE_100000.56,1137.708496
Sudan,UIS.TE_100000.56.F,1199.64624
Sudan,UIS.TE_100000.56.M,1076.198975
Suriname,UIS.TE_100000.56,
Suriname,UIS.TE_100000.56.F,
Suriname,UIS.TE_100000.56.M,
Swaziland,UIS.TE_100000.56,533.8381348
Swaziland,UIS.TE_100000.56.F,542.5476685
Swaziland,UIS.TE_100000.56.M,524.7277832
Sweden,UIS.TE_100000.56,4725.529297
Sweden,UIS.TE_100000.56.F,5585.228516
Sweden,UIS.TE_100000.56.M,3851.062988
Switzerland,UIS.TE_100000.56,2695.459229
Switzerland,UIS.TE_100000.56.F,2430.912842
Switzerland,UIS.TE_100000.56.M,2971.388916
Syrian Arab Republic,UIS.TE_100000.56,1989.40686
Syrian Arab Republic,UIS.TE_100000.56.F,1876.942505
Syrian Arab Republic,UIS.TE_100000.56.M,2096.767822
Tajikistan,UIS.TE_100000.56,2187.577881
Tajikistan,UIS.TE_100000.56.F,1404.710327
Tajikistan,UIS.TE_100000.56.M,2962.206055
Tanzania,UIS.TE_100000.56,131.9677734
Tanzania,UIS.TE_100000.56.F,85.30287933
Tanzania,UIS.TE_100000.56.M,179.2980957
Thailand,UIS.TE_100000.56,3581.817139
Thailand,UIS.TE_100000.56.F,3708.507813
Thailand,UIS.TE_100000.56.M,3452.103027
Timor-Leste,UIS.TE_100000.56,
Timor-Leste,UIS.TE_100000.56.F,
Timor-Leste,UIS.TE_100000.56.M,
Togo,UIS.TE_100000.56,
Togo,UIS.TE_100000.56.F,
Togo,UIS.TE_100000.56.M,
Tonga,UIS.TE_100000.56,
Tonga,UIS.TE_100000.56.F,
Tonga,UIS.TE_100000.56.M,
Trinidad and Tobago,UIS.TE_100000.56,
Trinidad and Tobago,UIS.TE_100000.56.F,
Trinidad and Tobago,UIS.TE_100000.56.M,
Tunisia,UIS.TE_100000.56,3237.166504
Tunisia,UIS.TE_100000.56.F,3548.310791
Tunisia,UIS.TE_100000.56.M,2923.584473
Turkey,UIS.TE_100000.56,3103.937256
Turkey,UIS.TE_100000.56.F,2556.560791
Turkey,UIS.TE_100000.56.M,3669.885254
Turkmenistan,UIS.TE_100000.56,
Turkmenistan,UIS.TE_100000.56.F,
Turkmenistan,UIS.TE_100000.56.M,
Turks and Caicos Islands,UIS.TE_100000.56,
Turks and Caicos Islands,UIS.TE_100000.56.F,
Turks and Caicos Islands,UIS.TE_100000.56.M,
Tuvalu,UIS.TE_100000.56,
Tuvalu,UIS.TE_100000.56.F,
Tuvalu,UIS.TE_100000.56.M,
Uganda,UIS.TE_100000.56,
Uganda,UIS.TE_100000.56.F,
Uganda,UIS.TE_100000.56.M,
Ukraine,UIS.TE_100000.56,5566.529785
Ukraine,UIS.TE_100000.56.F,5611.746582
Ukraine,UIS.TE_100000.56.M,5514.241211
United Arab Emirates,UIS.TE_100000.56,
United Arab Emirates,UIS.TE_100000.56.F,
United Arab Emirates,UIS.TE_100000.56.M,
United Kingdom,UIS.TE_100000.56,3799.27002
United Kingdom,UIS.TE_100000.56.F,4256.830078
United Kingdom,UIS.TE_100000.56.M,3322.131836
United States,UIS.TE_100000.56,5832.398438
United States,UIS.TE_100000.56.F,6600.22998
United States,UIS.TE_100000.56.M,5046.791016
Uruguay,UIS.TE_100000.56,3328.233398
Uruguay,UIS.TE_100000.56.F,4041.568848
Uruguay,UIS.TE_100000.56.M,2563.688721
Uzbekistan,UIS.TE_100000.56,1025.980103
Uzbekistan,UIS.TE_100000.56.F,824.770752
Uzbekistan,UIS.TE_100000.56.M,1232.817627
Vanuatu,UIS.TE_100000.56,
Vanuatu,UIS.TE_100000.56.F,
Vanuatu,UIS.TE_100000.56.M,
"Venezuela, RB",UIS.TE_100000.56,
"Venezuela, RB",UIS.TE_100000.56.F,
"Venezuela, RB",UIS.TE_100000.56.M,
Vietnam,UIS.TE_100000.56,1608.647949
Vietnam,UIS.TE_100000.56.F,1297.2229
Vietnam,UIS.TE_100000.56.M,1929.567627
Virgin Islands (U.S.),UIS.TE_100000.56,
Virgin Islands (U.S.),UIS.TE_100000.56.F,
Virgin Islands (U.S.),UIS.TE_100000.56.M,
West Bank and Gaza,UIS.TE_100000.56,3859.211182
West Bank and Gaza,UIS.TE_100000.56.F,3874.620605
West Bank and Gaza,UIS.TE_100000.56.M,3844.234131
"Yemen, Rep.",UIS.TE_100000.56,974.4891357
"Yemen, Rep.",UIS.TE_100000.56.F,513.9762573
"Yemen, Rep.",UIS.TE_100000.56.M,1425.78186
Zambia,UIS.TE_100000.56,
Zambia,UIS.TE_100000.56.F,
Zambia,UIS.TE_100000.56.M,
Zimbabwe,UIS.TE_100000.56,
Zimbabwe,UIS.TE_100000.56.F,
Zimbabwe,UIS.TE_100000.56.M,
